Time,X,Rho,P,U
0.000711,0.108041,8731.390697,15747428275.034472,150.000000
0.000711,0.108940,8731.390697,15747428275.035385,150.000000
0.000711,0.109840,8731.390697,15747428275.034988,150.000000
0.000711,0.110739,8731.390697,15747428275.033970,150.000000
0.000711,0.111638,8731.390697,15747428275.031086,150.000000
0.000711,0.112537,8731.390697,15747428275.031445,150.000000
0.000711,0.113436,8731.390697,15747428275.028200,150.000000
0.000711,0.114335,8731.390697,15747428275.029245,150.000000
0.000711,0.115234,8731.390697,15747428275.025074,150.000000
0.000711,0.116133,8731.390697,15747428275.024691,150.000000
0.000711,0.117032,8731.390697,15747428275.022644,150.000000
0.000711,0.117931,8731.390697,15747428275.019001,150.000000
0.000711,0.118830,8731.390697,15747428275.019806,150.000000
0.000711,0.119729,8731.390697,15747428275.015917,150.000000
0.000711,0.120628,8731.390697,15747428275.012526,150.000000
0.000711,0.121527,8731.390697,15747428275.011015,150.000000
0.000711,0.122426,8731.390697,15747428275.005224,150.000000
0.000711,0.123325,8731.390697,15747428275.001799,150.000000
0.000711,0.124224,8731.390697,15747428274.998585,150.000000
0.000711,0.125123,8731.390697,15747428274.994169,150.000000
0.000711,0.126023,8731.390697,15747428274.988203,150.000000
0.000711,0.126922,8731.390697,15747428274.984583,150.000000
0.000711,0.127821,8731.390697,15747428274.979828,150.000000
0.000711,0.128720,8731.390697,15747428274.976566,150.000000
0.000711,0.129619,8731.390697,15747428274.973799,150.000000
0.000711,0.130518,8731.390697,15747428274.969646,150.000000
0.000711,0.131417,8731.390697,15747428274.963495,150.000000
0.000711,0.132316,8731.390697,15747428274.957613,150.000000
0.000711,0.133215,8731.390697,15747428274.950665,150.000000
0.000711,0.134114,8731.390697,15747428274.944023,150.000000
0.000711,0.135013,8731.390697,15747428274.942219,150.000000
0.000711,0.135912,8731.390697,15747428274.934414,150.000000
0.000711,0.136811,8731.390697,15747428274.929947,150.000000
0.000711,0.137710,8731.390697,15747428274.916651,150.000000
0.000711,0.138609,8731.390697,15747428274.915060,150.000000
0.000711,0.139508,8731.390697,15747428274.908405,150.000000
0.000711,0.140407,8731.390697,15747428274.903826,150.000000
0.000711,0.141306,8731.390697,15747428274.895033,150.000000
0.000711,0.142206,8731.390697,15747428274.883263,150.000000
0.000711,0.143105,8731.390697,15747428274.872368,150.000000
0.000711,0.144004,8731.390697,15747428274.870426,150.000000
0.000711,0.144903,8731.390697,15747428274.863014,150.000000
0.000711,0.145802,8731.390697,15747428274.858955,150.000000
0.000711,0.146701,8731.390697,15747428274.852299,150.000000
0.000711,0.147600,8731.390697,15747428274.843079,150.000000
0.000711,0.148499,8731.390697,15747428274.832958,150.000000
0.000711,0.149398,8731.390697,15747428274.825628,150.000000
0.000711,0.150297,8731.390697,15747428274.813856,150.000000
0.000711,0.151196,8731.390697,15747428274.803009,150.000000
0.000711,0.152095,8731.390697,15747428274.799149,150.000000
0.000711,0.152994,8731.390697,15747428274.787153,150.000000
0.000711,0.153893,8731.390697,15747428274.777174,150.000000
0.000711,0.154792,8731.390697,15747428274.765354,150.000000
0.000711,0.155691,8731.390697,15747428274.754095,150.000000
0.000711,0.156590,8731.390697,15747428274.746746,150.000000
0.000711,0.157489,8731.390697,15747428274.736101,150.000000
0.000711,0.158388,8731.390697,15747428274.722998,150.000000
0.000711,0.159288,8731.390697,15747428274.714649,150.000000
0.000711,0.160187,8731.390697,15747428274.707933,150.000000
0.000711,0.161086,8731.390697,15747428274.700829,150.000000
0.000711,0.161985,8731.390697,15747428274.683147,150.000000
0.000711,0.162884,8731.390697,15747428274.672201,150.000000
0.000711,0.163783,8731.390697,15747428274.652887,150.000000
0.000711,0.164682,8731.390697,15747428274.642080,150.000000
0.000711,0.165581,8731.390697,15747428274.632553,150.000000
0.000711,0.166480,8731.390697,15747428274.618170,150.000000
0.000711,0.167379,8731.390697,15747428274.608229,150.000000
0.000711,0.168278,8731.390697,15747428274.596142,150.000000
0.000711,0.169177,8731.390697,15747428274.581423,150.000000
0.000711,0.170076,8731.390697,15747428274.570076,150.000000
0.000711,0.170975,8731.390697,15747428274.558460,150.000000
0.000711,0.171874,8731.390697,15747428274.545412,150.000000
0.000711,0.172773,8731.390697,15747428274.531094,150.000000
0.000711,0.173672,8731.390697,15747428274.515862,150.000000
0.000711,0.174571,8731.390697,15747428274.507940,150.000000
0.000711,0.175471,8731.390697,15747428274.490677,150.000000
0.000711,0.176370,8731.390697,15747428274.476307,150.000000
0.000711,0.177269,8731.390697,15747428274.460318,150.000000
0.000711,0.178168,8731.390697,15747428274.449244,150.000000
0.000711,0.179067,8731.390697,15747428274.431774,150.000000
0.000711,0.179966,8731.390697,15747428274.413048,150.000000
0.000711,0.180865,8731.390697,15747428274.401556,150.000000
0.000711,0.181764,8731.390697,15747428274.387367,150.000000
0.000711,0.182663,8731.390697,15747428274.375084,150.000000
0.000711,0.183562,8731.390697,15747428274.350225,150.000000
0.000711,0.184461,8731.390697,15747428274.337801,150.000000
0.000711,0.185360,8731.390697,15747428274.324781,150.000000
0.000711,0.186259,8731.390697,15747428274.302149,150.000000
0.000711,0.187158,8731.390697,15747428274.288752,150.000000
0.000711,0.188057,8731.390697,15747428274.271475,150.000000
0.000711,0.188956,8731.390697,15747428274.253279,150.000000
0.000711,0.189855,8731.390697,15747428274.237093,150.000000
0.000711,0.190754,8731.390697,15747428274.219246,150.000000
0.000711,0.191654,8731.390697,15747428274.197878,150.000000
0.000711,0.192553,8731.390697,15747428274.189396,150.000000
0.000711,0.193452,8731.390697,15747428274.165781,150.000000
0.000711,0.194351,8731.390697,15747428274.150101,150.000000
0.000711,0.195250,8731.390697,15747428274.135859,150.000000
0.000711,0.196149,8731.390697,15747428274.106977,150.000000
0.000711,0.197048,8731.390697,15747428274.091526,150.000000
0.000711,0.197947,8731.390697,15747428274.069828,150.000000
0.000711,0.198846,8731.390697,15747428274.051390,150.000000
0.000711,0.199745,8731.390697,15747428274.038675,150.000000
0.000711,0.200644,8731.390697,15747428274.013067,150.000000
0.000711,0.201543,8731.390697,15747428273.995436,150.000000
0.000711,0.202442,8731.390697,15747428273.979843,150.000000
0.000711,0.203341,8731.390697,15747428273.951056,150.000000
0.000711,0.204240,8731.390697,15747428273.935274,150.000000
0.000711,0.205139,8731.390697,15747428273.913675,150.000000
0.000711,0.206038,8731.390697,15747428273.890999,150.000000
0.000711,0.206937,8731.390697,15747428273.867117,150.000000
0.000711,0.207837,8731.390697,15747428273.847696,150.000000
0.000711,0.208736,8731.390697,15747428273.832888,150.000000
0.000711,0.209635,8731.390697,15747428273.804087,150.000000
0.000711,0.210534,8731.390697,15747428273.786325,150.000000
0.000711,0.211433,8731.390697,15747428273.760731,150.000000
0.000711,0.212332,8731.390697,15747428273.738939,150.000000
0.000711,0.213231,8731.390697,15747428273.713572,150.000000
0.000711,0.214130,8731.390697,15747428273.699650,150.000000
0.000711,0.215029,8731.390697,15747428273.666460,150.000000
0.000711,0.215928,8731.390697,15747428273.650723,150.000000
0.000711,0.216827,8731.390697,15747428273.626759,150.000000
0.000711,0.217726,8731.390697,15747428273.601643,150.000000
0.000711,0.218625,8731.390697,15747428273.575344,150.000000
0.000711,0.219524,8731.390697,15747428273.554562,150.000000
0.000711,0.220423,8731.390697,15747428273.524422,150.000000
0.000711,0.221322,8731.390697,15747428273.503355,150.000000
0.000711,0.222221,8731.390697,15747428273.475201,150.000000
0.000711,0.223120,8731.390697,15747428273.455736,150.000000
0.000711,0.224020,8731.390697,15747428273.430645,150.000000
0.000711,0.224919,8731.390697,15747428273.406122,150.000000
0.000711,0.225818,8731.390697,15747428273.381483,150.000000
0.000711,0.226717,8731.390697,15747428273.351254,150.000000
0.000711,0.227616,8731.390697,15747428273.329103,150.000000
0.000711,0.228515,8731.390697,15747428273.299997,150.000000
0.000711,0.229414,8731.390697,15747428273.272762,150.000000
0.000711,0.230313,8731.390697,15747428273.246841,150.000000
0.000711,0.231212,8731.390697,15747428273.217176,150.000000
0.000711,0.232111,8731.390697,15747428273.199844,150.000000
0.000711,0.233010,8731.390697,15747428273.168613,150.000000
0.000711,0.233909,8731.390697,15747428273.139925,150.000000
0.000711,0.234808,8731.390697,15747428273.112305,150.000000
0.000711,0.235707,8731.390697,15747428273.093882,150.000000
0.000711,0.236606,8731.390697,15747428273.059860,150.000000
0.000711,0.237505,8731.390697,15747428273.029078,150.000000
0.000711,0.238404,8731.390697,15747428273.001881,150.000000
0.000711,0.239303,8731.390697,15747428272.972969,150.000000
0.000711,0.240202,8731.390697,15747428272.946022,150.000000
0.000711,0.241102,8731.390697,15747428272.918880,150.000000
0.000711,0.242001,8731.390697,15747428272.888323,150.000000
0.000711,0.242900,8731.390697,15747428272.857534,150.000000
0.000711,0.243799,8731.390697,15747428272.829750,150.000000
0.000711,0.244698,8731.390697,15747428272.808872,150.000000
0.000711,0.245597,8731.390697,15747428272.772038,150.000000
0.000711,0.246496,8731.390697,15747428272.738636,150.000000
0.000711,0.247395,8731.390697,15747428272.712196,150.000000
0.000711,0.248294,8731.390697,15747428272.681608,150.000000
0.000711,0.249193,8731.390697,15747428272.651300,150.000000
0.000711,0.250092,8731.390697,15747428272.622986,150.000000
0.000711,0.250991,8731.390697,15747428272.589392,150.000000
0.000711,0.251890,8731.390697,15747428272.566355,150.000000
0.000711,0.252789,8731.390697,15747428272.531191,150.000000
0.000711,0.253688,8731.390697,15747428272.492304,150.000000
0.000711,0.254587,8731.390697,15747428272.470663,150.000000
0.000711,0.255486,8731.390697,15747428272.431190,150.000000
0.000711,0.256385,8731.390697,15747428272.402206,150.000000
0.000711,0.257285,8731.390697,15747428272.367498,150.000000
0.000711,0.258184,8731.390697,15747428272.329779,150.000000
0.000711,0.259083,8731.390697,15747428272.289207,150.000000
0.000711,0.259982,8731.390697,15747428272.263914,150.000000
0.000711,0.260881,8731.390697,15747428272.231972,150.000000
0.000711,0.261780,8731.390697,15747428272.195740,150.000000
0.000711,0.262679,8731.390697,15747428272.163671,150.000000
0.000711,0.263578,8731.390697,15747428272.133553,150.000000
0.000711,0.264477,8731.390697,15747428272.092972,150.000000
0.000711,0.265376,8731.390697,15747428272.063848,150.000000
0.000711,0.266275,8731.390697,15747428272.024904,150.000000
0.000711,0.267174,8731.390697,15747428271.987255,150.000000
0.000711,0.268073,8731.390697,15747428271.955420,150.000000
0.000711,0.268972,8731.390697,15747428271.920801,150.000000
0.000711,0.269871,8731.390697,15747428271.887436,150.000000
0.000711,0.270770,8731.390697,15747428271.846230,150.000000
0.000711,0.271669,8731.390697,15747428271.814764,150.000000
0.000711,0.272568,8731.390697,15747428271.764324,150.000000
0.000711,0.273468,8731.390697,15747428271.735277,150.000000
0.000711,0.274367,8731.390697,15747428271.697104,150.000000
0.000711,0.275266,8731.390697,15747428271.664061,149.999999
0.000711,0.276165,8731.390697,15747428271.618931,149.999999
0.000711,0.277064,8731.390697,15747428271.600119,149.999999
0.000711,0.277963,8731.390697,15747428271.547632,149.999999
0.000711,0.278862,8731.390697,15747428271.516907,149.999999
0.000711,0.279761,8731.390697,15747428271.480352,149.999999
0.000711,0.280660,8731.390697,15747428271.426950,149.999999
0.000711,0.281559,8731.390697,15747428271.398951,149.999999
0.000711,0.282458,8731.390697,15747428271.348770,149.999999
0.000711,0.283357,8731.390697,15747428271.322592,149.999999
0.000711,0.284256,8731.390697,15747428271.280603,149.999999
0.000711,0.285155,8731.390697,15747428271.251621,149.999999
0.000711,0.286054,8731.390697,15747428271.202652,149.999999
0.000711,0.286953,8731.390697,15747428271.162794,149.999999
0.000711,0.287852,8731.390697,15747428271.115801,149.999999
0.000711,0.288751,8731.390697,15747428271.070477,149.999999
0.000711,0.289651,8731.390697,15747428271.031528,149.999999
0.000711,0.290550,8731.390697,15747428270.999395,149.999999
0.000711,0.291449,8731.390697,15747428270.952953,149.999999
0.000711,0.292348,8731.390697,15747428270.914158,149.999999
0.000711,0.293247,8731.390697,15747428270.871782,149.999999
0.000711,0.294146,8731.390697,15747428270.828772,149.999999
0.000711,0.295045,8731.390697,15747428270.794603,149.999999
0.000711,0.295944,8731.390697,15747428270.746372,149.999999
0.000711,0.296843,8731.390697,15747428270.705187,149.999999
0.000711,0.297742,8731.390697,15747428270.656939,149.999999
0.000711,0.298641,8731.390697,15747428270.612156,149.999999
0.000711,0.299540,8731.390697,15747428270.566566,149.999999
0.000711,0.300439,8731.390697,15747428270.530231,149.999999
0.000711,0.301338,8731.390697,15747428270.485044,149.999999
0.000711,0.302237,8731.390697,15747428270.445581,149.999999
0.000711,0.303136,8731.390697,15747428270.395725,149.999999
0.000711,0.304035,8731.390697,15747428270.353586,149.999999
0.000711,0.304934,8731.390697,15747428270.302439,149.999999
0.000711,0.305834,8731.390697,15747428270.257599,149.999999
0.000711,0.306733,8731.390697,15747428270.207245,149.999999
0.000711,0.307632,8731.390697,15747428270.170532,149.999999
0.000711,0.308531,8731.390697,15747428270.119219,149.999999
0.000711,0.309430,8731.390697,15747428270.075155,149.999999
0.000711,0.310329,8731.390697,15747428270.034515,149.999999
0.000711,0.311228,8731.390697,15747428269.982180,149.999999
0.000711,0.312127,8731.390697,15747428269.939148,149.999999
0.000711,0.313026,8731.390697,15747428269.885611,149.999999
0.000711,0.313925,8731.390697,15747428269.842695,149.999999
0.000711,0.314824,8731.390697,15747428269.799671,149.999999
0.000711,0.315723,8731.390697,15747428269.744362,149.999999
0.000711,0.316622,8731.390697,15747428269.688658,149.999999
0.000711,0.317521,8731.390697,15747428269.637762,149.999999
0.000711,0.318420,8731.390697,15747428269.600060,149.999999
0.000711,0.319319,8731.390697,15747428269.546619,149.999999
0.000711,0.320218,8731.390697,15747428269.499903,149.999999
0.000711,0.321117,8731.390697,15747428269.451372,149.999999
0.000711,0.322016,8731.390697,15747428269.400850,149.999999
0.000711,0.322916,8731.390697,15747428269.344868,149.999999
0.000711,0.323815,8731.390697,15747428269.313841,149.999999
0.000711,0.324714,8731.390697,15747428269.263969,149.999999
0.000711,0.325613,8731.390697,15747428269.201691,149.999999
0.000711,0.326512,8731.390697,15747428269.148840,149.999999
0.000711,0.327411,8731.390697,15747428269.096582,149.999999
0.000711,0.328310,8731.390697,15747428269.050005,149.999999
0.000711,0.329209,8731.390697,15747428268.985661,149.999999
0.000711,0.330108,8731.390697,15747428268.942141,149.999999
0.000711,0.331007,8731.390697,15747428268.884447,149.999999
0.000711,0.331906,8731.390697,15747428268.846687,149.999999
0.000711,0.332805,8731.390697,15747428268.787430,149.999999
0.000711,0.333704,8731.390697,15747428268.734919,149.999999
0.000711,0.334603,8731.390697,15747428268.683084,149.999999
0.000711,0.335502,8731.390697,15747428268.623295,149.999999
0.000711,0.336401,8731.390697,15747428268.565012,149.999999
0.000711,0.337300,8731.390697,15747428268.510445,149.999999
0.000711,0.338199,8731.390697,15747428268.459515,149.999999
0.000711,0.339099,8731.390697,15747428268.410639,149.999999
0.000711,0.339998,8731.390697,15747428268.354563,149.999999
0.000711,0.340897,8731.390697,15747428268.295029,149.999999
0.000711,0.341796,8731.390697,15747428268.236156,149.999999
0.000711,0.342695,8731.390697,15747428268.179499,149.999999
0.000711,0.343594,8731.390697,15747428268.124773,149.999999
0.000711,0.344493,8731.390697,15747428268.076347,149.999999
0.000711,0.345392,8731.390697,15747428268.015787,149.999999
0.000711,0.346291,8731.390697,15747428267.952660,149.999999
0.000711,0.347190,8731.390697,15747428267.898506,149.999999
0.000711,0.348089,8731.390697,15747428267.838139,149.999999
0.000711,0.348988,8731.390697,15747428267.783663,149.999999
0.000711,0.349887,8731.390697,15747428267.722622,149.999999
0.000711,0.350786,8731.390697,15747428267.668655,149.999999
0.000711,0.351685,8731.390697,15747428267.613869,149.999999
0.000711,0.352584,8731.390697,15747428267.549797,149.999999
0.000711,0.353483,8731.390697,15747428267.488550,149.999999
0.000711,0.354382,8731.390697,15747428267.426489,149.999999
0.000711,0.355282,8731.390697,15747428267.365471,149.999999
0.000711,0.356181,8731.390697,15747428267.306414,149.999999
0.000711,0.357080,8731.390697,15747428267.255169,149.999999
0.000711,0.357979,8731.390697,15747428267.201965,149.999999
0.000711,0.358878,8731.390697,15747428267.134497,149.999999
0.000711,0.359777,8731.390697,15747428267.068653,149.999999
0.000711,0.360676,8731.390697,15747428267.007654,149.999999
0.000711,0.361575,8731.390697,15747428266.950191,149.999999
0.000711,0.362474,8731.390697,15747428266.891039,149.999999
0.000711,0.363373,8731.390697,15747428266.822777,149.999999
0.000711,0.364272,8731.390697,15747428266.764482,149.999999
0.000711,0.365171,8731.390697,15747428266.695192,149.999999
0.000711,0.366070,8731.390697,15747428266.632032,149.999999
0.000711,0.366969,8731.390697,15747428266.569639,149.999999
0.000711,0.367868,8731.390697,15747428266.512707,149.999999
0.000711,0.368767,8731.390697,15747428266.443169,149.999999
0.000711,0.369666,8731.390697,15747428266.383133,149.999999
0.000711,0.370565,8731.390697,15747428266.319515,149.999999
0.000711,0.371465,8731.390697,15747428266.245720,149.999999
0.000711,0.372364,8731.390697,15747428266.183525,149.999999
0.000711,0.373263,8731.390697,15747428266.119143,149.999999
0.000711,0.374162,8731.390697,15747428266.054840,149.999999
0.000711,0.375061,8731.390697,15747428265.991732,149.999999
0.000711,0.375960,8731.390697,15747428265.924263,149.999999
0.000711,0.376859,8731.390697,15747428265.863960,149.999999
0.000711,0.377758,8731.390696,15747428265.787045,149.999999
0.000711,0.378657,8731.390696,15747428265.723045,149.999999
0.000711,0.379556,8731.390696,15747428265.661987,149.999999
0.000711,0.380455,8731.390696,15747428265.589411,149.999999
0.000711,0.381354,8731.390696,15747428265.516607,149.999999
0.000711,0.382253,8731.390696,15747428265.461596,149.999999
0.000711,0.383152,8731.390696,15747428265.380493,149.999999
0.000711,0.384051,8731.390696,15747428265.317562,149.999999
0.000711,0.384950,8731.390696,15747428265.251072,149.999999
0.000711,0.385849,8731.390696,15747428265.186684,149.999999
0.000711,0.386748,8731.390696,15747428265.109623,149.999999
0.000711,0.387648,8731.390696,15747428265.041155,149.999999
0.000711,0.388547,8731.390696,15747428264.959248,149.999999
0.000711,0.389446,8731.390696,15747428264.898390,149.999999
0.000711,0.390345,8731.390696,15747428264.816895,149.999999
0.000711,0.391244,8731.390696,15747428264.748688,149.999999
0.000711,0.392143,8731.390696,15747428264.687565,149.999999
0.000711,0.393042,8731.390696,15747428264.615067,149.999999
0.000711,0.393941,8731.390696,15747428264.531622,149.999999
0.000711,0.394840,8731.390696,15747428264.458544,149.999999
0.000711,0.395739,8731.390696,15747428264.387606,149.999999
0.000711,0.396638,8731.390696,15747428264.321136,149.999999
0.000711,0.397537,8731.390696,15747428264.235237,149.999999
0.000711,0.398436,8731.390696,15747428264.164993,149.999999
0.000711,0.399335,8731.390696,15747428264.100206,149.999999
0.000711,0.400234,8731.390696,15747428264.018028,149.999999
0.000711,0.401133,8731.390696,15747428263.941294,149.999999
0.000711,0.402032,8731.390696,15747428263.870016,149.999999
0.000711,0.402931,8731.390696,15747428263.782888,149.999999
0.000711,0.403830,8731.390696,15747428263.710600,149.999999
0.000711,0.404730,8731.390696,15747428263.625010,149.999999
0.000711,0.405629,8731.390696,15747428263.561234,149.999999
0.000711,0.406528,8731.390696,15747428263.482319,149.999999
0.000711,0.407427,8731.390696,15747428263.398018,149.999999
0.000711,0.408326,8731.390696,15747428263.312716,149.999999
0.000711,0.409225,8731.390696,15747428263.249765,149.999999
0.000711,0.410124,8731.390696,15747428263.171612,149.999999
0.000711,0.411023,8731.390696,15747428263.088762,149.999999
0.000711,0.411922,8731.390696,15747428263.007378,149.999999
0.000711,0.412821,8731.390696,15747428262.929119,149.999999
0.000711,0.413720,8731.390696,15747428262.854839,149.999999
0.000711,0.414619,8731.390696,15747428262.776566,149.999999
0.000711,0.415518,8731.390696,15747428262.691301,149.999999
0.000711,0.416417,8731.390696,15747428262.603405,149.999999
0.000711,0.417316,8731.390696,15747428262.526863,149.999999
0.000711,0.418215,8731.390696,15747428262.442282,149.999999
0.000711,0.419114,8731.390696,15747428262.355206,149.999999
0.000711,0.420013,8731.390696,15747428262.274765,149.999999
0.000711,0.420913,8731.390696,15747428262.197712,149.999999
0.000711,0.421812,8731.390696,15747428262.112753,149.999999
0.000711,0.422711,8731.390696,15747428262.024626,149.999999
0.000711,0.423610,8731.390696,15747428261.936398,149.999999
0.000711,0.424509,8731.390696,15747428261.864737,149.999999
0.000711,0.425408,8731.390696,15747428261.774225,149.999999
0.000711,0.426307,8731.390696,15747428261.681870,149.999999
0.000711,0.427206,8731.390696,15747428261.598850,149.999999
0.000711,0.428105,8731.390696,15747428261.514423,149.999999
0.000711,0.429004,8731.390696,15747428261.427696,149.999999
0.000711,0.429903,8731.390696,15747428261.340342,149.999999
0.000711,0.430802,8731.390696,15747428261.262077,149.999999
0.000711,0.431701,8731.390696,15747428261.154905,149.999999
0.000711,0.432600,8731.390696,15747428261.075863,149.999999
0.000711,0.433499,8731.390696,15747428260.996977,149.999999
0.000711,0.434398,8731.390696,15747428260.896738,149.999999
0.000711,0.435297,8731.390696,15747428260.809891,149.999999
0.000711,0.436196,8731.390696,15747428260.721706,149.999999
0.000711,0.437096,8731.390696,15747428260.625591,149.999999
0.000711,0.437995,8731.390696,15747428260.542805,149.999999
0.000711,0.438894,8731.390696,15747428260.444069,149.999999
0.000711,0.439793,8731.390696,15747428260.359562,149.999999
0.000711,0.440692,8731.390696,15747428260.258814,149.999999
0.000711,0.441591,8731.390696,15747428260.172617,149.999999
0.000711,0.442490,8731.390696,15747428260.073742,149.999999
0.000711,0.443389,8731.390696,15747428259.980299,149.999999
0.000711,0.444288,8731.390696,15747428259.894012,149.999999
0.000711,0.445187,8731.390696,15747428259.808710,149.999999
0.000711,0.446086,8731.390696,15747428259.702696,149.999999
0.000711,0.446985,8731.390696,15747428259.607197,149.999999
0.000711,0.447884,8731.390696,15747428259.514759,149.999999
0.000711,0.448783,8731.390696,15747428259.419222,149.999999
0.000711,0.449682,8731.390696,15747428259.321318,149.999999
0.000711,0.450581,8731.390696,15747428259.228718,149.999999
0.000711,0.451480,8731.390696,15747428259.129293,149.999999
0.000711,0.452379,8731.390696,15747428259.039816,149.999999
0.000711,0.453279,8731.390696,15747428258.940731,149.999999
0.000711,0.454178,8731.390696,15747428258.847187,149.999999
0.000711,0.455077,8731.390696,15747428258.737154,149.999999
0.000711,0.455976,8731.390696,15747428258.645895,149.999999
0.000711,0.456875,8731.390696,15747428258.547211,149.999999
0.000711,0.457774,8731.390696,15747428258.455555,149.999999
0.000711,0.458673,8731.390696,15747428258.345098,149.999999
0.000711,0.459572,8731.390696,15747428258.249657,149.999999
0.000711,0.460471,8731.390696,15747428258.144989,149.999999
0.000711,0.461370,8731.390696,15747428258.052412,149.999999
0.000711,0.462269,8731.390696,15747428257.945921,149.999999
0.000711,0.463168,8731.390696,15747428257.839355,149.999999
0.000711,0.464067,8731.390696,15747428257.747515,149.999999
0.000711,0.464966,8731.390696,15747428257.642363,149.999999
0.000711,0.465865,8731.390696,15747428257.534624,149.999999
0.000711,0.466764,8731.390696,15747428257.430059,149.999999
0.000711,0.467663,8731.390696,15747428257.331650,149.999999
0.000711,0.468562,8731.390696,15747428257.219318,149.999999
0.000711,0.469462,8731.390696,15747428257.112431,149.999999
0.000711,0.470361,8731.390696,15747428256.999416,149.999999
0.000711,0.471260,8731.390696,15747428256.893490,149.999999
0.000711,0.472159,8731.390696,15747428256.798870,149.999999
0.000711,0.473058,8731.390696,15747428256.691235,149.999999
0.000711,0.473957,8731.390696,15747428256.582094,149.999999
0.000711,0.474856,8731.390696,15747428256.472780,149.999999
0.000711,0.475755,8731.390696,15747428256.365574,149.999999
0.000711,0.476654,8731.390696,15747428256.261816,149.999999
0.000711,0.477553,8731.390696,15747428256.148054,149.999999
0.000711,0.478452,8731.390696,15747428256.041735,149.999999
0.000711,0.479351,8731.390696,15747428255.935593,149.999999
0.000711,0.480250,8731.390696,15747428255.816452,149.999999
0.000711,0.481149,8731.390696,15747428255.704111,149.999999
0.000711,0.482048,8731.390696,15747428255.596294,149.999999
0.000711,0.482947,8731.390696,15747428255.477234,149.999999
0.000711,0.483846,8731.390696,15747428255.370298,149.999999
0.000711,0.484745,8731.390696,15747428255.245382,149.999999
0.000711,0.485644,8731.390696,15747428255.146097,149.999999
0.000711,0.486544,8731.390696,15747428255.015162,149.999999
0.000711,0.487443,8731.390696,15747428254.920086,149.999999
0.000711,0.488342,8731.390696,15747428254.802771,149.999999
0.000711,0.489241,8731.390696,15747428254.691729,149.999999
0.000711,0.490140,8731.390696,15747428254.573835,149.999999
0.000711,0.491039,8731.390696,15747428254.469713,149.999999
0.000711,0.491938,8731.390696,15747428254.354918,149.999999
0.000711,0.492837,8731.390696,15747428254.234062,149.999999
0.000711,0.493736,8731.390696,15747428254.122604,149.999999
0.000711,0.494635,8731.390696,15747428253.997185,149.999999
0.000711,0.495534,8731.390696,15747428253.875326,149.999999
0.000711,0.496433,8731.390696,15747428253.759939,149.999999
0.000711,0.497332,8731.390696,15747428253.630211,149.999999
0.000711,0.498231,8731.390696,15747428253.510908,149.999999
0.000711,0.499130,8731.390696,15747428253.410482,149.999999
0.000711,0.500029,8731.390696,15747428253.269955,149.999999
0.000711,0.500928,8731.390696,15747428253.140678,149.999999
0.000711,0.501827,8731.390696,15747428253.028585,149.999999
0.000711,0.502727,8731.390696,15747428252.905788,149.999999
0.000711,0.503626,8731.390696,15747428252.761726,149.999999
0.000711,0.504525,8731.390696,15747428252.667355,149.999999
0.000711,0.505424,8731.390696,15747428252.539188,149.999999
0.000711,0.506323,8731.390696,15747428252.438683,149.999999
0.000711,0.507222,8731.390696,15747428252.283794,149.999999
0.000711,0.508121,8731.390696,15747428252.171204,149.999999
0.000711,0.509020,8731.390696,15747428252.043980,149.999999
0.000711,0.509919,8731.390696,15747428251.902710,149.999999
0.000711,0.510818,8731.390696,15747428251.777630,149.999999
0.000711,0.511717,8731.390696,15747428251.671299,149.999999
0.000711,0.512616,8731.390696,15747428251.533741,149.999999
0.000711,0.513515,8731.390696,15747428251.384987,149.999999
0.000711,0.514414,8731.390696,15747428251.285189,149.999999
0.000711,0.515313,8731.390696,15747428251.118292,149.999999
0.000711,0.516212,8731.390696,15747428251.001394,149.999999
0.000711,0.517111,8731.390696,15747428250.881023,149.999999
0.000711,0.518010,8731.390696,15747428250.749739,149.999999
0.000711,0.518910,8731.390696,15747428250.590298,149.999998
0.000711,0.519809,8731.390696,15747428250.483919,149.999998
0.000711,0.520708,8731.390696,15747428250.348707,149.999998
0.000711,0.521607,8731.390696,15747428250.183559,149.999998
0.000711,0.522506,8731.390696,15747428250.082682,149.999998
0.000711,0.523405,8731.390696,15747428249.946226,149.999998
0.000711,0.524304,8731.390695,15747428249.793081,149.999998
0.000711,0.525203,8731.390695,15747428249.683807,149.999998
0.000711,0.526102,8731.390695,15747428249.506634,149.999998
0.000711,0.527001,8731.390695,15747428249.388739,149.999998
0.000711,0.527900,8731.390695,15747428249.250578,149.999998
0.000711,0.528799,8731.390695,15747428249.108644,149.999998
0.000711,0.529698,8731.390695,15747428248.980433,149.999998
0.000711,0.530597,8731.390695,15747428248.836973,149.999998
0.000711,0.531496,8731.390695,15747428248.704939,149.999998
0.000711,0.532395,8731.390695,15747428248.561560,149.999998
0.000711,0.533294,8731.390695,15747428248.407354,149.999998
0.000711,0.534193,8731.390695,15747428248.263437,149.999998
0.000711,0.535093,8731.390695,15747428248.118790,149.999998
0.000711,0.535992,8731.390695,15747428247.986198,149.999998
0.000711,0.536891,8731.390695,15747428247.844631,149.999998
0.000711,0.537790,8731.390695,15747428247.682943,149.999998
0.000711,0.538689,8731.390695,15747428247.529776,149.999998
0.000711,0.539588,8731.390695,15747428247.417191,149.999998
0.000711,0.540487,8731.390695,15747428247.253214,149.999998
0.000711,0.541386,8731.390695,15747428247.113724,149.999998
0.000711,0.542285,8731.390695,15747428246.956013,149.999998
0.000711,0.543184,8731.390695,15747428246.818695,149.999998
0.000711,0.544083,8731.390695,15747428246.665092,149.999998
0.000711,0.544982,8731.390695,15747428246.513588,149.999998
0.000711,0.545881,8731.390695,15747428246.363251,149.999998
0.000711,0.546780,8731.390695,15747428246.209259,149.999998
0.000711,0.547679,8731.390695,15747428246.069815,149.999998
0.000711,0.548578,8731.390695,15747428245.902977,149.999998
0.000711,0.549477,8731.390695,15747428245.740183,149.999998
0.000711,0.550376,8731.390695,15747428245.571064,149.999998
0.000711,0.551276,8731.390695,15747428245.427383,149.999998
0.000711,0.552175,8731.390695,15747428245.278580,149.999998
0.000711,0.553074,8731.390695,15747428245.115152,149.999998
0.000711,0.553973,8731.390695,15747428244.948837,149.999998
0.000711,0.554872,8731.390695,15747428244.816662,149.999998
0.000711,0.555771,8731.390695,15747428244.650166,149.999998
0.000711,0.556670,8731.390695,15747428244.488609,149.999998
0.000711,0.557569,8731.390695,15747428244.355377,149.999998
0.000711,0.558468,8731.390695,15747428244.186956,149.999998
0.000711,0.559367,8731.390695,15747428244.000317,149.999998
0.000711,0.560266,8731.390695,15747428243.855850,149.999998
0.000711,0.561165,8731.390695,15747428243.678820,149.999998
0.000711,0.562064,8731.390695,15747428243.530235,149.999998
0.000711,0.562963,8731.390695,15747428243.359570,149.999998
0.000711,0.563862,8731.390695,15747428243.190077,149.999998
0.000711,0.564761,8731.390695,15747428243.014540,149.999998
0.000711,0.565660,8731.390695,15747428242.871180,149.999998
0.000711,0.566559,8731.390695,15747428242.697256,149.999998
0.000711,0.567458,8731.390695,15747428242.500704,149.999998
0.000711,0.568358,8731.390695,15747428242.369484,149.999998
0.000711,0.569257,8731.390695,15747428242.185228,149.999998
0.000711,0.570156,8731.390695,15747428242.015348,149.999998
0.000711,0.571055,8731.390695,15747428241.834957,149.999998
0.000711,0.571954,8731.390695,15747428241.678350,149.999998
0.000711,0.572853,8731.390695,15747428241.497789,149.999998
0.000711,0.573752,8731.390695,15747428241.335829,149.999998
0.000711,0.574651,8731.390695,15747428241.160872,149.999998
0.000711,0.575550,8731.390695,15747428240.982906,149.999998
0.000711,0.576449,8731.390695,15747428240.804295,149.999998
0.000711,0.577348,8731.390695,15747428240.609987,149.999998
0.000711,0.578247,8731.390695,15747428240.452137,149.999998
0.000711,0.579146,8731.390695,15747428240.293589,149.999998
0.000711,0.580045,8731.390695,15747428240.084221,149.999998
0.000711,0.580944,8731.390695,15747428239.896181,149.999998
0.000711,0.581843,8731.390695,15747428239.744202,149.999998
0.000711,0.582742,8731.390695,15747428239.538704,149.999998
0.000711,0.583641,8731.390695,15747428239.380289,149.999998
0.000711,0.584541,8731.390695,15747428239.186337,149.999998
0.000711,0.585440,8731.390695,15747428239.016336,149.999998
0.000711,0.586339,8731.390695,15747428238.800478,149.999998
0.000711,0.587238,8731.390695,15747428238.635220,149.999998
0.000711,0.588137,8731.390695,15747428238.422857,149.999998
0.000711,0.589036,8731.390695,15747428238.266247,149.999998
0.000711,0.589935,8731.390695,15747428238.065790,149.999998
0.000711,0.590834,8731.390695,15747428237.866350,149.999998
0.000711,0.591733,8731.390695,15747428237.699493,149.999998
0.000711,0.592632,8731.390695,15747428237.502106,149.999998
0.000711,0.593531,8731.390695,15747428237.308424,149.999998
0.000711,0.594430,8731.390695,15747428237.124289,149.999998
0.000711,0.595329,8731.390695,15747428236.910774,149.999998
0.000711,0.596228,8731.390695,15747428236.732592,149.999998
0.000711,0.597127,8731.390695,15747428236.547522,149.999998
0.000711,0.598026,8731.390695,15747428236.312984,149.999998
0.000711,0.598925,8731.390695,15747428236.139061,149.999998
0.000711,0.599824,8731.390695,15747428235.943411,149.999998
0.000711,0.600724,8731.390695,15747428235.756376,149.999998
0.000711,0.601623,8731.390695,15747428235.554295,149.999998
0.000711,0.602522,8731.390695,15747428235.344973,149.999998
0.000711,0.603421,8731.390695,15747428235.139900,149.999998
0.000711,0.604320,8731.390695,15747428234.932039,149.999998
0.000711,0.605219,8731.390695,15747428234.724115,149.999998
0.000711,0.606118,8731.390695,15747428234.526930,149.999998
0.000711,0.607017,8731.390695,15747428234.309944,149.999998
0.000711,0.607916,8731.390695,15747428234.120852,149.999998
0.000711,0.608815,8731.390695,15747428233.924894,149.999998
0.000711,0.609714,8731.390694,15747428233.690355,149.999998
0.000711,0.610613,8731.390694,15747428233.509666,149.999998
0.000711,0.611512,8731.390694,15747428233.287333,149.999998
0.000711,0.612411,8731.390694,15747428233.077414,149.999998
0.000711,0.613310,8731.390694,15747428232.861193,149.999998
0.000711,0.614209,8731.390694,15747428232.647156,149.999998
0.000711,0.615108,8731.390694,15747428232.433886,149.999998
0.000711,0.616007,8731.390694,15747428232.235743,149.999998
0.000711,0.616907,8731.390694,15747428232.005909,149.999998
0.000711,0.617806,8731.390694,15747428231.780008,149.999998
0.000711,0.618705,8731.390694,15747428231.557144,149.999998
0.000711,0.619604,8731.390694,15747428231.336494,149.999998
0.000711,0.620503,8731.390694,15747428231.108292,149.999998
0.000711,0.621402,8731.390694,15747428230.884844,149.999998
0.000711,0.622301,8731.390694,15747428230.664959,149.999998
0.000711,0.623200,8731.390694,15747428230.443680,149.999998
0.000711,0.624099,8731.390694,15747428230.206270,149.999998
0.000711,0.624998,8731.390694,15747428229.988625,149.999998
0.000711,0.625897,8731.390694,15747428229.769947,149.999998
0.000711,0.626796,8731.390694,15747428229.537384,149.999998
0.000711,0.627695,8731.390694,15747428229.283041,149.999998
0.000711,0.628594,8731.390694,15747428229.085899,149.999998
0.000711,0.629493,8731.390694,15747428228.820738,149.999998
0.000711,0.630392,8731.390694,15747428228.600958,149.999998
0.000711,0.631291,8731.390694,15747428228.328360,149.999998
0.000711,0.632190,8731.390694,15747428228.113304,149.999998
0.000711,0.633090,8731.390694,15747428227.879192,149.999998
0.000711,0.633989,8731.390694,15747428227.640917,149.999998
0.000711,0.634888,8731.390694,15747428227.398495,149.999998
0.000711,0.635787,8731.390694,15747428227.148699,149.999998
0.000711,0.636686,8731.390694,15747428226.922258,149.999998
0.000711,0.637585,8731.390694,15747428226.678465,149.999998
0.000711,0.638484,8731.390694,15747428226.421005,149.999998
0.000711,0.639383,8731.390694,15747428226.158440,149.999998
0.000711,0.640282,8731.390694,15747428225.895716,149.999998
0.000711,0.641181,8731.390694,15747428225.620068,149.999998
0.000711,0.642080,8731.390694,15747428225.380787,149.999998
0.000711,0.642979,8731.390694,15747428225.150957,149.999998
0.000711,0.643878,8731.390694,15747428224.842823,149.999998
0.000711,0.644777,8731.390694,15747428224.622561,149.999998
0.000711,0.645676,8731.390694,15747428224.337547,149.999998
0.000711,0.646575,8731.390694,15747428224.066826,149.999998
0.000711,0.647474,8731.390694,15747428223.802782,149.999998
0.000711,0.648373,8731.390694,15747428223.530890,149.999998
0.000711,0.649272,8731.390694,15747428223.251619,149.999998
0.000711,0.650172,8731.390694,15747428222.955437,149.999998
0.000711,0.651071,8731.390694,15747428222.689594,149.999998
0.000711,0.651970,8731.390694,15747428222.400196,149.999998
0.000711,0.652869,8731.390694,15747428222.145226,149.999998
0.000711,0.653768,8731.390694,15747428221.811052,149.999998
0.000711,0.654667,8731.390694,15747428221.532871,149.999998
0.000711,0.655566,8731.390694,15747428221.224186,149.999998
0.000711,0.656465,8731.390694,15747428220.942354,149.999998
0.000711,0.657364,8731.390694,15747428220.634922,149.999998
0.000711,0.658263,8731.390694,15747428220.339520,149.999997
0.000711,0.659162,8731.390694,15747428220.044294,149.999997
0.000711,0.660061,8731.390694,15747428219.734446,149.999997
0.000711,0.660960,8731.390694,15747428219.417313,149.999997
0.000711,0.661859,8731.390694,15747428219.090595,149.999997
0.000711,0.662758,8731.390694,15747428218.786392,149.999997
0.000711,0.663657,8731.390694,15747428218.452526,149.999997
0.000711,0.664556,8731.390694,15747428218.135679,149.999997
0.000711,0.665455,8731.390694,15747428217.804180,149.999997
0.000711,0.666355,8731.390693,15747428217.479826,149.999997
0.000711,0.667254,8731.390693,15747428217.178450,149.999997
0.000711,0.668153,8731.390693,15747428216.840334,149.999997
0.000711,0.669052,8731.390693,15747428216.542856,149.999997
0.000711,0.669951,8731.390693,15747428216.218773,149.999997
0.000711,0.670850,8731.390693,15747428215.938709,149.999997
0.000711,0.671749,8731.390693,15747428215.630384,149.999997
0.000711,0.672648,8731.390693,15747428215.368353,149.999997
0.000711,0.673547,8731.390693,15747428215.100393,149.999997
0.000711,0.674446,8731.390693,15747428214.868694,149.999997
0.000711,0.675345,8731.390693,15747428214.659615,149.999997
0.000711,0.676244,8731.390693,15747428214.487232,149.999997
0.000711,0.677143,8731.390693,15747428214.350035,149.999997
0.000711,0.678042,8731.390693,15747428214.271225,149.999997
0.000711,0.678941,8731.390693,15747428214.246906,149.999997
0.000711,0.679840,8731.390693,15747428214.323528,149.999997
0.000711,0.680739,8731.390693,15747428214.475197,149.999997
0.000711,0.681638,8731.390693,15747428214.731121,149.999997
0.000711,0.682538,8731.390693,15747428215.130367,149.999997
0.000711,0.683437,8731.390693,15747428215.718178,149.999997
0.000711,0.684336,8731.390693,15747428216.497934,149.999997
0.000711,0.685235,8731.390693,15747428217.517260,149.999997
0.000711,0.686134,8731.390694,15747428218.808636,149.999997
0.000711,0.687033,8731.390694,15747428220.454346,149.999997
0.000711,0.687932,8731.390694,15747428222.513494,149.999997
0.000711,0.688831,8731.390694,15747428225.088655,149.999997
0.000711,0.689730,8731.390694,15747428228.262970,149.999997
0.000711,0.690629,8731.390694,15747428232.175674,149.999997
0.000711,0.691528,8731.390695,15747428236.875031,149.999996
0.000711,0.692427,8731.390695,15747428242.629417,149.999996
0.000711,0.693326,8731.390695,15747428249.594049,149.999996
0.000711,0.694225,8731.390696,15747428257.961666,149.999996
0.000711,0.695124,8731.390696,15747428268.081036,149.999996
0.000711,0.696023,8731.390697,15747428280.247982,149.999995
0.000711,0.696922,8731.390698,15747428294.786055,149.999995
0.000711,0.697821,8731.390699,15747428312.205755,149.999994
0.000711,0.698721,8731.390700,15747428333.042801,149.999994
0.000711,0.699620,8731.390702,15747428357.851175,149.999993
0.000711,0.700519,8731.390704,15747428387.430628,149.999993
0.000711,0.701418,8731.390706,15747428422.637049,149.999992
0.000711,0.702317,8731.390708,15747428464.503981,149.999991
0.000711,0.703216,8731.390711,15747428514.207960,149.999989
0.000711,0.704115,8731.390715,15747428573.131941,149.999988
0.000711,0.705014,8731.390719,15747428642.948225,149.999986
0.000711,0.705913,8731.390724,15747428725.551601,149.999984
0.000711,0.706812,8731.390729,15747428823.233465,149.999982
0.000711,0.707711,8731.390736,15747428938.558514,149.999979
0.000711,0.708610,8731.390744,15747429074.667372,149.999975
0.000711,0.709509,8731.390754,15747429235.131046,149.999971
0.000711,0.710408,8731.390765,15747429424.078516,149.999967
0.000711,0.711307,8731.390778,15747429646.404652,149.999961
0.000711,0.712206,8731.390794,15747429907.713537,149.999954
0.000711,0.713105,8731.390812,15747430214.600813,149.999947
0.000711,0.714004,8731.390834,15747430574.613739,149.999938
0.000711,0.714904,8731.390859,15747430996.624222,149.999927
0.000711,0.715803,8731.390888,15747431490.751839,149.999915
0.000711,0.716702,8731.390923,15747432068.828444,149.999900
0.000711,0.717601,8731.390963,15747432744.480566,149.999883
0.000711,0.718500,8731.391010,15747433533.393423,149.999864
0.000711,0.719399,8731.391065,15747434453.660772,149.999840
0.000711,0.720298,8731.391129,15747435526.128471,149.999813
0.000711,0.721197,8731.391203,15747436774.774597,149.999782
0.000711,0.722096,8731.391290,15747438227.092407,149.999745
0.000711,0.722995,8731.391390,15747439914.714500,149.999703
0.000711,0.723894,8731.391507,15747441873.764042,149.999653
0.000711,0.724793,8731.391643,15747444145.734995,149.999596
0.000711,0.725692,8731.391800,15747446777.956572,149.999530
0.000711,0.726591,8731.391982,15747449824.544613,149.999452
0.000711,0.727490,8731.392193,15747453347.299118,149.999363
0.000711,0.728389,8731.392436,15747457416.442648,149.999260
0.000711,0.729288,8731.392717,15747462112.138468,149.999141
0.000711,0.730187,8731.393040,15747467525.412075,149.999004
0.000711,0.731086,8731.393413,15747473759.602993,149.998846
0.000711,0.731986,8731.393842,15747480931.984381,149.998663
0.000711,0.732885,8731.394336,15747489175.382568,149.998454
0.000711,0.733784,8731.394902,15747498640.123976,149.998213
0.000711,0.734683,8731.395553,15747509496.171438,149.997936
0.000711,0.735582,8731.396298,15747521935.282648,149.997619
0.000711,0.736481,8731.397151,15747536173.774668,149.997256
0.000711,0.737380,8731.398127,15747552455.288193,149.996840
0.000711,0.738279,8731.399242,15747571053.852539,149.996364
0.000711,0.739178,8731.400514,15747592277.348457,149.995821
0.000711,0.740077,8731.401966,15747616471.369150,149.995202
0.000711,0.740976,8731.403619,15747644023.213022,149.994496
0.000711,0.741875,8731.405500,15747675366.536240,149.993692
0.000711,0.742774,8731.407639,15747710986.157854,149.992777
0.000711,0.743673,8731.410067,15747751423.563927,149.991738
0.000711,0.744572,8731.412822,15747797282.781338,149.990559
0.000711,0.745471,8731.415944,15747849236.691916,149.989222
0.000711,0.746370,8731.419478,15747908034.011959,149.987707
0.000711,0.747269,8731.423475,15747974506.887695,149.985993
0.000711,0.748169,8731.427990,15748049578.817337,149.984055
0.000711,0.749068,8731.433086,15748134273.729065,149.981868
0.000711,0.749967,8731.438830,15748229725.130392,149.979400
0.000711,0.750866,8731.445298,15748337186.555681,149.976619
0.000711,0.751765,8731.452575,15748458042.350250,149.973490
0.000711,0.752664,8731.460753,15748593819.456573,149.969970
0.000711,0.753563,8731.469934,15748746199.921316,149.966017
0.000711,0.754462,8731.480230,15748917034.310839,149.961581
0.000711,0.755361,8731.491764,15749108356.043955,149.956608
0.000711,0.756260,8731.504671,15749322396.378662,149.951041
0.000711,0.757159,8731.519099,15749561600.768488,149.944813
0.000711,0.758058,8731.535212,15749828645.615303,149.937854
0.000711,0.758957,8731.553187,15750126456.552038,149.930087
0.000711,0.759856,8731.573218,15750458227.289631,149.921426
0.000711,0.760755,8731.595515,15750827439.459816,149.911779
0.000711,0.761654,8731.620310,15751237883.784698,149.901046
0.000711,0.762553,8731.647853,15751693681.660074,149.889116
0.000711,0.763452,8731.678417,15752199308.331024,149.875870
0.000711,0.764351,8731.712296,15752759616.397854,149.861178
0.000711,0.765250,8731.749811,15753379860.523232,149.844900
0.000711,0.766149,8731.791307,15754065723.042728,149.826884
0.000711,0.767048,8731.837159,15754823340.054571,149.806966
0.000711,0.767947,8731.887769,15755659328.635681,149.784967
0.000711,0.768846,8731.943573,15756580814.360418,149.760697
0.000711,0.769745,8732.005037,15757595459.593893,149.733950
0.000711,0.770644,8732.072665,15758711492.184614,149.704503
0.000711,0.771543,8732.146994,15759937734.408075,149.672120
0.000711,0.772442,8732.228601,15761283632.209068,149.636545
0.000711,0.773341,8732.318105,15762759284.474695,149.597505
0.000711,0.774240,8732.416165,15764375472.179806,149.554709
0.000711,0.775139,8732.523483,15766143687.285616,149.507845
0.000711,0.776038,8732.640809,15768076161.129152,149.456582
0.000711,0.776937,8732.768938,15770185891.978998,149.400567
0.000711,0.777836,8732.908717,15772486672.040421,149.339424
0.000711,0.778735,8733.061041,15774993112.859035,149.272756
0.000711,0.779634,8733.226859,15777720669.608568,149.200141
0.000711,0.780532,8733.407173,15780685663.693518,149.121134
0.000711,0.781431,8733.603041,15783905303.053425,149.035264
0.000711,0.782330,8733.815577,15787397700.669458,148.942035
0.000711,0.783229,8734.045951,15791181890.084621,148.840926
0.000711,0.784128,8734.295393,15795277838.400751,148.731389
0.000711,0.785026,8734.565193,15799706455.732626,148.612848
0.000711,0.785925,8734.856698,15804489601.244448,148.484702
0.000711,0.786824,8735.171317,15809650085.556990,148.346321
0.000711,0.787722,8735.510519,15815211668.476355,148.197050
0.000711,0.788621,8735.875830,15821199052.600445,148.036204
0.000711,0.789520,8736.268839,15827637871.832304,147.863075
0.000711,0.790418,8736.691190,15834554674.813452,147.676925
0.000711,0.791317,8737.144587,15841976902.816317,147.476991
0.000711,0.792215,8737.630788,15849932861.775993,147.262485
0.000711,0.793114,8738.151606,15858451688.394167,147.032595
0.000711,0.794012,8738.708905,15867563309.909437,146.786484
0.000711,0.794910,8739.304597,15877298397.156513,146.523294
0.000711,0.795808,8739.940643,15887688310.963173,146.242144
0.000711,0.796706,8740.619044,15898765041.676491,145.942136
0.000711,0.797605,8741.341840,15910561141.595459,145.622353
0.000711,0.798503,8742.111106,15923109650.091888,145.281862
0.000711,0.799400,8742.928948,15936444011.792397,144.919717
0.000711,0.800298,8743.797493,15950597987.356081,144.534962
0.000711,0.801196,8744.718890,15965605557.167908,144.126630
0.000711,0.802094,8745.695299,15981500817.942377,143.693749
0.000711,0.802991,8746.728888,15998317872.570635,143.235345
0.000711,0.803889,8747.821823,16016090713.038429,142.750444
0.000711,0.804786,8748.976262,16034853097.139486,142.238076
0.000711,0.805683,8750.194348,16054638419.138128,141.697277
0.000711,0.806580,8751.478200,16075479574.673851,141.127096
0.000711,0.807477,8752.829905,16097408820.531013,140.526595
0.000711,0.808374,8754.251510,16120457629.737331,139.894856
0.000711,0.809270,8755.745011,16144656542.696167,139.230984
0.000711,0.810167,8757.312344,16170035014.793764,138.534110
0.000711,0.811063,8758.955380,16196621261.328886,137.803400
0.000711,0.811959,8760.675909,16224442100.655745,137.038053
0.000711,0.812855,8762.475634,16253522795.971582,136.237309
0.000711,0.813751,8764.356159,16283886897.282270,135.400455
0.000711,0.814647,8766.318983,16315556083.625637,134.526826
0.000711,0.815542,8768.365487,16348550007.110615,133.615811
0.000711,0.816437,8770.496923,16382886139.796104,132.666861
0.000711,0.817332,8772.714408,16418579623.826654,131.679484
0.000711,0.818227,8775.018915,16455643126.451561,130.653261
0.000711,0.819121,8777.411258,16494086700.622828,129.587842
0.000711,0.820016,8779.892092,16533917652.541021,128.482951
0.000711,0.820909,8782.461895,16575140416.584570,127.338393
0.000711,0.821803,8785.120970,16617756439.359846,126.154055
0.000711,0.822697,8787.869429,16661764073.202555,124.929911
0.000711,0.823590,8790.707192,16707158480.505682,123.666021
0.000711,0.824483,8793.633979,16753931549.808695,122.362538
0.000711,0.825375,8796.649303,16802071823.775211,121.019711
0.000711,0.826267,8799.752467,16851564440.997587,119.637882
0.000711,0.827159,8802.942560,16902391091.453785,118.217492
0.000711,0.828051,8806.218453,16954529986.396929,116.759080
0.000711,0.828942,8809.578799,17007955843.645262,115.263284
0.000711,0.829833,8813.022027,17062639888.243961,113.730843
0.000711,0.830724,8816.546347,17118549869.085032,112.162596
0.000711,0.831614,8820.149747,17175650091.657450,110.559479
0.000711,0.832504,8823.829997,17233901467.284599,108.922528
0.000711,0.833393,8827.584647,17293261578.359730,107.252876
0.000711,0.834282,8831.411039,17353684760.220425,105.551750
0.000711,0.835171,8835.306301,17415122198.850632,103.820468
0.000711,0.836059,8839.267362,17477522044.276157,102.060439
0.000711,0.836947,8843.290953,17540829539.480862,100.273159
0.000711,0.837834,8847.373616,17604987163.882214,98.460205
0.000711,0.838721,8851.511713,17669934791.162224,96.623232
0.000711,0.839608,8855.701436,17735609860.163818,94.763970
0.000711,0.840494,8859.938816,17801947558.678898,92.884216
0.000711,0.841380,8864.219732,17868881018.628769,90.985832
0.000711,0.842265,8868.539929,17936341521.749695,89.070738
0.000711,0.843150,8872.895026,18004258714.886883,87.140903
0.000711,0.844035,8877.280530,18072560833.668484,85.198345
0.000711,0.844919,8881.691850,18141174932.966625,83.245120
0.000711,0.845803,8886.124311,18210027123.593941,81.283316
0.000711,0.846686,8890.573173,18279042813.104908,79.315049
0.000711,0.847568,8895.033639,18348146950.001450,77.342451
0.000711,0.848451,8899.500876,18417264269.757153,75.367667
0.000711,0.849333,8903.970029,18486319541.285637,73.392849
0.000711,0.850214,8908.436236,18555237812.445095,71.420145
0.000711,0.851095,8912.894645,18623944653.436974,69.451694
0.000711,0.851976,8917.340431,18692366396.667679,67.489619
0.000711,0.852856,8921.768807,18760430371.772278,65.536021
0.000711,0.853735,8926.175046,18828065134.593929,63.592971
0.000711,0.854614,8930.554490,18895200689.032253,61.662503
0.000711,0.855493,8934.902569,18961768700.514442,59.746611
0.000711,0.856372,8939.214814,19027702700.152126,57.847237
0.000711,0.857250,8943.486869,19092938278.470680,55.966273
0.000711,0.858127,8947.714507,19157413268.081795,54.105548
0.000711,0.859004,8951.893640,19221067914.131622,52.266828
0.000711,0.859881,8956.020332,19283845032.204689,50.451808
0.000711,0.860757,8960.090810,19345690152.615139,48.662111
0.000711,0.861633,8964.101474,19406551651.119293,46.899280
0.000711,0.862509,8968.048904,19466380865.139240,45.164777
0.000711,0.863384,8971.929873,19525132195.246052,43.459978
0.000711,0.864259,8975.741349,19582763192.112587,41.786172
0.000711,0.865133,8979.480506,19639234628.039841,40.144558
0.000711,0.866007,8983.144726,19694510553.790020,38.536241
0.000711,0.866881,8986.731604,19748558340.183361,36.962235
0.000711,0.867754,8990.238953,19801348705.105759,35.423455
0.000711,0.868627,8993.664805,19852855725.596104,33.920725
0.000711,0.869500,8997.007413,19903056835.936218,32.454769
0.000711,0.870372,9000.265249,19951932811.645260,31.026218
0.000711,0.871244,9003.437009,19999467740.062653,29.635606
0.000711,0.872116,9006.521604,20045648978.187752,28.283372
0.000711,0.872987,9009.518165,20090467097.867035,26.969864
0.000711,0.873858,9012.426033,20133915819.788479,25.695336
0.000711,0.874729,9015.244762,20175991936.044323,24.459955
0.000711,0.875600,9017.974105,20216695222.764923,23.263799
0.000711,0.876470,9020.614020,20256028343.209263,22.106862
0.000711,0.877340,9023.164652,20293996742.311440,20.989054
0.000711,0.878210,9025.626335,20330608533.275314,19.910207
0.000711,0.879080,9027.999581,20365874377.303146,18.870080
0.000711,0.879949,9030.285069,20399807357.279289,17.868356
0.000711,0.880819,9032.483645,20432422845.997959,16.904651
0.000711,0.881687,9034.596305,20463738370.523563,15.978516
0.000711,0.882556,9036.624188,20493773472.296104,15.089441
0.000711,0.883425,9038.568571,20522549565.299438,14.236859
0.000711,0.884293,9040.430855,20550089791.940361,13.420152
0.000711,0.885162,9042.212556,20576418878.016953,12.638649
0.000711,0.886030,9043.915296,20601562987.388840,11.891639
0.000711,0.886897,9045.540793,20625549577.202045,11.178367
0.000711,0.887765,9047.090853,20648407254.202297,10.498044
0.000711,0.888633,9048.567356,20670165632.960316,9.849848
0.000711,0.889500,9049.972251,20690855196.647076,9.232928
0.000711,0.890368,9051.307544,20710507160.683113,8.646411
0.000711,0.891235,9052.575290,20729153340.245533,8.089401
0.000711,0.892102,9053.777583,20746826021.569912,7.560987
0.000711,0.892969,9054.916548,20763557838.310867,7.060245
0.000711,0.893836,9055.994333,20779381652.258198,6.586241
0.000711,0.894703,9057.013101,20794330439.698170,6.138036
0.000711,0.895569,9057.975021,20808437183.369064,5.714687
0.000711,0.896436,9058.882262,20821734770.200291,5.315253
0.000711,0.897302,9059.736987,20834255894.901981,4.938793
0.000711,0.898169,9060.541343,20846032970.177666,4.584375
0.000711,0.899035,9061.297460,20857098042.764610,4.251075
0.000711,0.899902,9062.007442,20867482716.222336,3.937978
0.000711,0.900768,9062.673362,20877218079.892773,3.644184
0.000711,0.901634,9063.297259,20886334644.371876,3.368806
0.000711,0.902500,9063.881133,20894862283.169640,3.110977
0.000711,0.903366,9064.426939,20902830180.580967,2.869844
0.000711,0.904232,9064.936588,20910266785.992538,2.644578
0.000711,0.905098,9065.411941,20917199773.621189,2.434369
0.000711,0.905964,9065.854805,20923656008.501686,2.238429
0.000711,0.906830,9066.266936,20929661517.794140,2.055995
0.000711,0.907696,9066.650031,20935241467.394222,1.886327
0.000711,0.908561,9067.005731,20940420144.040623,1.728710
0.000711,0.909427,9067.335618,20945220941.730133,1.582453
0.000711,0.910293,9067.641216,20949666353.202637,1.446893
0.000711,0.911159,9067.923987,20953777965.424034,1.321389
0.000711,0.912024,9068.185333,20957576459.365765,1.205330
0.000711,0.912890,9068.426598,20961081613.155807,1.098129
0.000711,0.913756,9068.649064,20964312309.108906,0.999225
0.000711,0.914621,9068.853955,20967286543.655838,0.908081
0.000711,0.915487,9069.042436,20970021440.181171,0.824188
0.000711,0.916352,9069.215615,20972533264.405716,0.747060
0.000711,0.917218,9069.374544,20974837442.269344,0.676237
0.000711,0.918083,9069.520218,20976948579.623352,0.611280
0.000711,0.918949,9069.653580,20978880483.750725,0.551776
0.000711,0.919814,9069.775519,20980646186.647034,0.497335
0.000711,0.920680,9069.886876,20982257969.158611,0.447587
0.000711,0.921545,9069.988439,20983727386.474232,0.402185
0.000711,0.922411,9070.080952,20985065294.339218,0.360801
0.000711,0.923276,9070.165111,20986281876.041161,0.323128
0.000711,0.924142,9070.241571,20987386669.546467,0.288879
0.000711,0.925007,9070.310942,20988388595.117790,0.257783
0.000711,0.925873,9070.373796,20989295983.023308,0.229588
0.000711,0.926738,9070.430665,20990116601.010700,0.204060
0.000711,0.927604,9070.482046,20990857681.880482,0.180977
0.000711,0.928469,9070.528400,20991525950.401691,0.160137
0.000711,0.929335,9070.570158,20992127650.071491,0.141348
0.000711,0.930200,9070.607716,20992668569.199360,0.124436
0.000711,0.931065,9070.641444,20993154066.518028,0.109235
0.000711,0.931931,9070.671681,20993589095.922531,0.095595
0.000711,0.932796,9070.698744,20993978230.649158,0.083377
0.000711,0.933662,9070.722922,20994325686.612885,0.072450
0.000711,0.934527,9070.744483,20994635344.726215,0.062697
0.000711,0.935393,9070.763672,20994910772.808708,0.054007
0.000711,0.936258,9070.780717,20995155245.936169,0.046280
0.000711,0.937123,9070.795823,20995371766.512199,0.039424
0.000711,0.937989,9070.809181,20995563083.012741,0.033354
0.000711,0.938854,9070.820963,20995731708.042572,0.027993
0.000711,0.939720,9070.831330,20995879935.409222,0.023269
0.000711,0.940585,9070.840425,20996009856.065388,0.019119
0.000711,0.941450,9070.848379,20996123373.666924,0.015483
0.000711,0.942316,9070.855313,20996222218.667770,0.012307
0.000711,0.943181,9070.861335,20996307962.033009,0.009544
0.000711,0.944047,9070.866545,20996382027.877243,0.007148
0.000711,0.944912,9070.871030,20996445705.310265,0.005081
0.000711,0.945778,9070.874873,20996500159.496548,0.003304
0.000711,0.946643,9070.878145,20996546442.297512,0.001786
0.000711,0.947508,9070.880913,20996585501.551270,0.000498
0.000711,0.948374,9070.883237,20996618190.369366,-0.000588
0.000711,0.949239,9070.885168,20996645275.249332,-0.001496
0.000711,0.950105,9070.886755,20996667443.854370,-0.002247
0.000711,0.950970,9070.888041,20996685312.133724,-0.002860
0.000711,0.951835,9070.889064,20996699431.044434,-0.003352
0.000711,0.952701,9070.889859,20996710292.272743,-0.003740
0.000711,0.953566,9070.890455,20996718334.178421,-0.004037
0.000711,0.954432,9070.890881,20996723946.595253,-0.004255
0.000711,0.955297,9070.891159,20996727475.791679,-0.004405
0.000711,0.956162,9070.891312,20996729228.565125,-0.004497
0.000711,0.957028,9070.891358,20996729476.221966,-0.004540
0.000711,0.957893,9070.891315,20996728458.267990,-0.004541
0.000711,0.958759,9070.891196,20996726385.468094,-0.004506
0.000711,0.959624,9070.891016,20996723442.887829,-0.004442
0.000711,0.960489,9070.890785,20996719792.753208,-0.004354
0.000711,0.961355,9070.890512,20996715576.616161,-0.004247
0.000711,0.962220,9070.890208,20996710917.726696,-0.004123
0.000711,0.963086,9070.889879,20996705923.020729,-0.003988
0.000711,0.963951,9070.889532,20996700684.951283,-0.003843
0.000711,0.964816,9070.889172,20996695283.002270,-0.003692
0.000711,0.965682,9070.888804,20996689785.261368,-0.003536
0.000711,0.966547,9070.888433,20996684249.702526,-0.003377
0.000711,0.967413,9070.888062,20996678725.454872,-0.003218
0.000711,0.968278,9070.887693,20996673253.632793,-0.003059
0.000711,0.969143,9070.887329,20996667868.560329,-0.002902
0.000711,0.970009,9070.886973,20996662598.491058,-0.002747
0.000711,0.970874,9070.886625,20996657466.406681,-0.002595
0.000711,0.971740,9070.886288,20996652490.624592,-0.002447
0.000711,0.972605,9070.885962,20996647685.499050,-0.002304
0.000711,0.973471,9070.885648,20996643061.900318,-0.002165
0.000711,0.974336,9070.885346,20996638627.727009,-0.002032
0.000711,0.975201,9070.885057,20996634388.341839,-0.001903
0.000711,0.976067,9070.884782,20996630346.852364,-0.001780
0.000711,0.976932,9070.884520,20996626504.600082,-0.001662
0.000711,0.977798,9070.884271,20996622861.362190,-0.001550
0.000711,0.978663,9070.884036,20996619415.639465,-0.001443
0.000711,0.979528,9070.883814,20996616164.798843,-0.001341
0.000711,0.980394,9070.883605,20996613105.434898,-0.001244
0.000711,0.981259,9070.883409,20996610233.482166,-0.001152
0.000711,0.982125,9070.883225,20996607544.286175,-0.001066
0.000711,0.982990,9070.883053,20996605032.888981,-0.000983
0.000711,0.983855,9070.882893,20996602693.983559,-0.000905
0.000711,0.984721,9070.882744,20996600522.214367,-0.000832
0.000711,0.985586,9070.882606,20996598512.086094,-0.000762
0.000711,0.986452,9070.882479,20996596658.189560,-0.000696
0.000711,0.987317,9070.882362,20996594955.165119,-0.000634
0.000711,0.988182,9070.882255,20996593397.747704,-0.000575
0.000711,0.989048,9070.882158,20996591981.033924,-0.000519
0.000711,0.989913,9070.882070,20996590700.204929,-0.000466
0.000711,0.990779,9070.881991,20996589550.787121,-0.000415
0.000711,0.991644,9070.881921,20996588528.688301,-0.000367
0.000711,0.992509,9070.881860,20996587630.027237,-0.000321
0.000711,0.993375,9070.881806,20996586851.431953,-0.000277
0.000711,0.994240,9070.881761,20996586189.824089,-0.000234
0.000711,0.995106,9070.881723,20996585642.573536,-0.000193
0.000711,0.995971,9070.881693,20996585207.414589,-0.000153
0.000711,0.996836,9070.881671,20996584882.664852,-0.000114
0.000711,0.997702,9070.881656,20996584666.903526,-0.000076
0.000711,0.998567,9070.881649,20996584559.248924,-0.000038
